Time,header.seq,header.frame_id,child_frame_id,pose.x,pose.y,pose.z,orientation.x,orientation.y,orientation.z,orientation.w,linear.x,linear.y,linear.z,angular.x,angular.y,angular.z
1625264849.3823867,19,odom,base_link,0.0,0.0,0.0,0.0,-0.0,-0.6981094758244887,0.7159910332986424,0.0,0.0,-0.0
1625264849.5821178,20,odom,base_link,0.0,0.0,0.0,0.0,-0.0,-0.6981094758244887,0.7159910332986424,0.0,0.0,-0.0
1625264849.7821605,21,odom,base_link,0.0,0.0,0.0,0.0,-0.0,-0.6981094758244887,0.7159910332986424,0.0,0.0,-0.0
1625264850.048733,22,odom,base_link,0.0,0.0,0.0,0.0,-0.0,-0.6981094758244887,0.7159910332986424,0.0,0.0,-0.0
1625264850.248802,23,odom,base_link,0.0,0.0,0.0,0.0,-0.0,-0.6981094758244887,0.7159910332986424,0.0,0.0,-0.0
1625264850.4486961,24,odom,base_link,0.0,0.0,0.0,0.0,-0.0,-0.6981094758244887,0.7159910332986424,0.0,0.0,-0.0
1625264850.648723,25,odom,base_link,0.0,0.0,0.0,0.0,-0.0,-0.6981094758244887,0.7159910332986424,0.0,0.0,-0.0
1625264850.9154024,26,odom,base_link,0.0,0.0,0.0,0.0,-0.0,-0.6981094758244887,0.7159910332986424,0.0,0.0,-0.0
1625264851.182117,27,odom,base_link,0.0,0.0,0.0,0.0,-0.0,-0.6981094758244887,0.7159910332986424,0.0,0.0,-0.0
1625264851.3154874,28,odom,base_link,0.0,0.0,0.0,0.0,-0.0,-0.6981094758244887,0.7159910332986424,0.0,0.0,-0.0
1625264851.582388,29,odom,base_link,0.0,0.0,0.0,0.0,-0.0,-0.6981094758244887,0.7159910332986424,0.0,0.0,-0.0
1625264851.7821047,30,odom,base_link,0.0,0.0,0.0,0.0,-0.0,-0.6981094758244887,0.7159910332986424,0.0,0.0,-0.0
1625264851.9821177,31,odom,base_link,0.0,0.0,0.0,0.0,-0.0,-0.6981094758244887,0.7159910332986424,0.0,0.0,-0.0
1625264852.2488492,32,odom,base_link,0.0,0.0,0.0,0.0,-0.0,-0.6981094758244887,0.7159910332986424,0.0,0.0,-0.0
1625264852.3820279,33,odom,base_link,0.0,0.0,0.0,0.0,-0.0,-0.6981094758244887,0.7159910332986424,0.0,0.0,-0.0
1625264852.648757,34,odom,base_link,0.0,0.0,0.0,0.0,-0.0,-0.6981094758244887,0.7159910332986424,0.0,0.0,-0.0
1625264852.8489199,35,odom,base_link,0.0,0.0,0.0,0.0,-0.0,-0.6981094758244887,0.7159910332986424,0.0,0.0,-0.0
1625264853.0487473,36,odom,base_link,0.0,0.0,0.0,0.0,-0.0,-0.6981094758244887,0.7159910332986424,0.0,0.0,-0.0
1625264853.3154228,37,odom,base_link,0.0,0.0,0.0,0.0,-0.0,-0.6981094758244887,0.7159910332986424,0.0,0.0,-0.0
1625264853.5154445,38,odom,base_link,0.0,0.0,0.0,0.0,-0.0,-0.6981094758244887,0.7159910332986424,0.0,0.0,-0.0
1625264853.715447,39,odom,base_link,0.0,0.0,0.0,0.0,-0.0,-0.6981094758244887,0.7159910332986424,0.0,0.0,-0.0
1625264853.9154584,40,odom,base_link,0.0,0.0,0.0,0.0,-0.0,-0.6981094758244887,0.7159910332986424,0.0,0.0,-0.0
1625264854.1820114,41,odom,base_link,0.0,0.0,0.0,-1.2697362065145849e-05,-7.008649406126216e-06,-0.6975142832781017,0.7165708788477886,0.0,0.0,-0.0
1625264854.4487743,42,odom,base_link,0.0,0.0,0.0,-1.5046031524339584e-05,1.5226563223228979e-06,-0.6958068610574359,0.718228941129983,0.0,0.0,-0.0
1625264854.5820498,43,odom,base_link,0.0,0.0,0.0,-1.517529666370993e-05,5.102447844441962e-06,-0.6952792998230514,0.7187396573038409,0.0,0.0,-0.0
1625264854.84877,44,odom,base_link,0.0,0.0,0.0,-8.059502564138427e-06,1.8427023369330476e-05,-0.6944221728939668,0.7195678184776686,0.0,0.0,-0.0
1625264855.0488317,45,odom,base_link,0.0,0.0,0.0,1.8450250243900411e-06,3.000771634513634e-05,-0.6941374600018078,0.7198424728497005,0.0,0.0,-0.0
1625264855.2487047,46,odom,base_link,9.84825142526239e-08,-5.4426532406611024e-08,0.005028534124092842,-2.9049779989525387e-06,1.0804574401993428e-05,-0.694360666853452,0.7196271702775345,2.896348370096739e-07,4.825153206587469e-07,0.025149939581751823
1625264855.5154145,47,odom,base_link,-3.8097785784477605e-07,1.0295516093182608e-05,0.05129144279317054,7.058713722834122e-06,6.788939554842189e-06,-0.6950295421969147,0.718981178736712,-3.8855917545690346e-05,-4.825176315516409e-07,0.17350825667381287
1625264855.7153893,48,odom,base_link,1.1613007001410845e-05,1.4512035440788958e-05,0.15807919417256694,-9.977744979969816e-07,-1.623504110821144e-05,-0.695142069753834,0.7188723826895729,-1.906597582601805e-05,6.0667580002618274e-05,0.5341500639915466
1625264855.9155095,49,odom,base_link,9.257430456887372e-06,1.4886117066729208e-05,0.328072799366309,2.017086580933916e-05,-1.8440267461996235e-06,-0.6951897155381203,0.7188263065579634,-2.2632391084696164e-06,-1.170997596203e-05,0.8500542044639587
1625264856.1820226,50,odom,base_link,-8.642675520661164e-06,1.9205716849014244e-05,0.5629490956062807,-2.39482656030206e-06,3.2794303195862784e-06,-0.6951897155289669,0.7188263068407166,-1.8438628732601632e-05,-6.656700505592489e-05,0.8810575008392334
1625264856.3820326,51,odom,base_link,-1.4959808023816426e-05,1.3377994253049128e-05,0.7300911462343164,8.343815968479131e-06,1.4805817111946398e-05,-0.6951897153855265,0.7188263067900055,2.8075784399481296e-05,-3.25524797401013e-05,0.8359819054603577
1625264856.6487613,52,odom,base_link,-1.413108019355789e-05,2.5979566947336205e-06,0.8912900265897103,-6.574274827034006e-06,-2.0137091783326035e-07,-0.6952040257585824,0.7188124668686532,4.05127219648084e-05,1.7567720146164206e-06,0.6045908331871033
1625264856.783371,53,odom,base_link,-1.1440579345956348e-05,2.4395813814358916e-06,0.9429655101656946,-6.816231338507421e-06,-3.8441666424417415e-07,-0.6951996127556141,0.7188167349038526,1.8592431376294268e-06,2.0108596818124212e-05,0.3871957063674927
1625264857.0489104,54,odom,base_link,-4.446752955374212e-06,7.734766025767872e-06,1.0111793920799583,6.2695867597124445e-06,-5.506766620588093e-06,-0.6951994841988507,0.7188168592207752,-1.9006121039349514e-05,2.692650690110598e-05,0.25628897547721863
1625264857.2486923,55,odom,base_link,-6.0567981223289376e-06,4.921795846756754e-06,1.0465919990936625,-1.3187164378321082e-05,5.350110046172961e-07,-0.6951994842223038,0.7188168591253653,1.3794155351213639e-05,-8.519135434066923e-06,0.17713995277881622
1625264857.515405,56,odom,base_link,3.607856054864353e-06,1.3655947735181221e-05,1.0656635370057952,-3.5388562053687824e-06,-1.2570015486142506e-05,-0.6950711099348362,0.718940993380838,-3.151631733265752e-05,3.7333425942406e-05,0.07153001427650452
1625264857.8487637,57,odom,base_link,-1.2734199224182645e-06,8.36968518205863e-06,1.0890023577161234,1.7437677119359503e-05,4.3303947124317365e-06,-0.6950729955328332,0.7189391702767274,1.5357541540453735e-05,-1.517262374061763e-05,0.07002545893192291
1625264858.048786,58,odom,base_link,4.720992950546675e-07,9.294529624373168e-06,1.1035328871976304,1.0332094417971568e-05,-4.725749541953141e-06,-0.6950733811938964,0.7189387975527537,-4.32799039454076e-06,8.880568704485134e-06,0.0726681500673294
1625264858.3154528,59,odom,base_link,-9.958500961954593e-06,9.338925091114529e-08,1.1222941485153652,-9.102049189893375e-07,-1.8485866850428064e-05,-0.6950645962378231,0.7189472906369396,3.316983452760366e-05,-4.026514204176102e-05,0.07036779820919037
1625264858.515389,60,odom,base_link,-2.858423237807303e-06,8.134866766382852e-06,1.1352082732356723,-1.5266352524643292e-05,6.6268119824723685e-06,-0.6950645964481782,0.7189472904791805,-3.8996799427766766e-05,3.6848550727879875e-05,0.06458918750286102
1625264858.782106,61,odom,base_link,6.47756180162922e-07,7.91177244521154e-06,1.1510810237046745,2.77831378482984e-06,9.537084680718685e-06,-0.6950805374109295,0.7189318788410056,1.2795980008797896e-06,1.3112823295767297e-05,0.05952438339591026
1625264859.048756,62,odom,base_link,1.4228195874482871e-05,-1.8035494035778225e-06,1.1653580620685173,1.3201473373317574e-05,-4.935765932291503e-07,-0.6950750095890271,0.7189372231775815,3.8140501332051425e-05,4.968197833242838e-05,0.053553566336631775
1625264859.2490435,63,odom,base_link,1.9327607144479328e-05,-1.2944952041049063e-06,1.174794139158044,-1.5853714746429813e-05,-1.4327336842037051e-06,-0.6950688817284275,0.7189431475432534,-1.6834280192964712e-06,2.5573767140136162e-05,0.04719020053744316
1625264859.5821075,64,odom,base_link,1.609495203896703e-05,-1.030161267116961e-05,1.1423571121878846,2.8265287936991973e-05,-7.143168901603784e-06,-0.6950781377449792,0.7189341983652052,2.6691646187913974e-05,-1.0609043016937697e-05,-0.09735780954360962
1625264859.7820823,65,odom,base_link,2.6821218187079575e-05,-2.5227609817878144e-05,1.1350862927056984,-7.064586487035691e-06,1.769020409264603e-05,-0.6956081540207985,0.718421391452764,7.634810639529781e-05,5.121399825034225e-05,-0.03636690601706505
1625264860.0489295,66,odom,base_link,1.5866588066823383e-05,-0.001374794135021258,1.1135414634677998,0.00541036151806685,0.005229410999225471,-0.6960787950148636,0.7179259658067122,0.005056657005480813,-0.00019740746679481323,-0.08078461140394211
1625264860.3822055,67,odom,base_link,-4.5577850189860395e-05,-0.014679532580488815,1.0934382159590548,0.0036569062869651063,0.0034827613523809625,-0.696794798400283,0.7172527492677039,0.03991053147594624,-0.0013396397519353648,-0.06033749505877495
1625264860.5165656,68,odom,base_link,-5.203363728740535e-05,-0.021942242251975365,1.082019053615333,0.01088897986773878,0.010837162014207362,-0.6972114449485988,0.7167009048896233,0.05414744110775498,-0.0015416102609164322,-0.08517051488161087
1625264860.8487692,69,odom,base_link,0.00014244650597471464,-0.05923575081099018,1.0702355984259486,0.00342533668873821,0.00342336029346188,-0.6981312078909653,0.7159534651369263,0.11223209120893096,-0.002243957629559473,-0.035468053072690964
1625264861.0488293,70,odom,base_link,0.00023104138955365325,-0.08401460497984986,1.0565985502444757,0.01441603196501598,0.014189079773154485,-0.6983226592576586,0.7154972477968637,0.12385528547568549,-0.0025685244842780634,-0.06817800551652908
1625264861.3154328,71,odom,base_link,0.0002811900388070765,-0.13934581293496714,1.0462087131930782,0.006697925320647424,0.006541671992622307,-0.6992605439868067,0.7148055931141105,0.2075357256629732,-0.004376141880369186,-0.03897874057292938
1625264861.5822484,72,odom,base_link,0.00029037265507580117,-0.19561255143102027,1.0316431766774867,0.016270674883796063,0.016088230752311257,-0.6993485553195673,0.7144144680383511,0.2109652937043569,-0.0044660175392230266,-0.05462394282221794
1625264861.7823057,73,odom,base_link,0.00026993657416586424,-0.24988405695007135,1.0281658003790133,-0.006215322030337373,-0.005978380828073001,-0.7003474112157464,0.7137500489233862,0.271336149273208,-0.005247218211114842,-0.017388761043548584
1625264862.1153975,74,odom,base_link,0.00035716351950098885,-0.3237348224586808,1.0166628470191759,0.009687173676497305,0.009818798300917921,-0.7003017110715338,0.7137137124480439,0.2216227904337575,-0.003942961519195183,-0.03452527895569801
1625264862.315417,75,odom,base_link,0.0005092063092063445,-0.3784377093550233,1.0128117370662628,-0.0033157569876809036,-0.003092401315050948,-0.7011116211303657,0.7130371221231444,0.2735675414481552,-0.00385425636642288,-0.019261125475168228
1625264862.5820622,76,odom,base_link,0.0019082078830127852,-0.44083153284722487,1.0064322728649864,0.011703613308312887,0.011834719970997217,-0.7009705270296951,0.7129959923270601,0.23406440704840462,0.0012657380149351284,-0.023926280438899994
1625264862.848923,77,odom,base_link,0.0038389716680799556,-0.5107665398557248,1.002764322223062,-0.00814248897343523,-0.008542156979788948,-0.7016863769603185,0.7123882086445227,0.26234500633763486,0.003271520320485129,-0.013755297288298607
1625264863.0489032,78,odom,base_link,0.005025085577374709,-0.5521408440529921,0.9999274811467267,0.011034631342507893,0.010205211167647896,-0.7016083744450337,0.712404224780255,0.20696784656102765,0.0027672140202108985,-0.014186250045895576
1625264863.3820853,79,odom,base_link,0.005325956728353171,-0.6376704002070641,0.9956327912984355,-0.0015850069403642562,-0.00230091435097285,-0.7023596342935928,0.711816786582839,0.25670424314905993,-0.00252968924447101,-0.012890418991446495
1625264863.582094,80,odom,base_link,0.0050938007816097326,-0.6828209187144343,0.9934193816806351,0.012430515564092673,0.011742954136352022,-0.7022678958615491,0.7117073750869488,0.22577633359617635,-0.004180454849710586,-0.01106996275484562
1625264863.8488665,81,odom,base_link,0.0045805245055694195,-0.749365288735319,0.9905030639404883,-0.009420305964896087,-0.009152285128074818,-0.7028872297857177,0.711180030454049,0.24954984125010532,-0.004854110230813401,-0.010938305407762527
1625264864.115566,82,odom,base_link,0.004369838327477138,-0.8018429982305307,0.9888582261489454,0.009215169641947693,0.008855888998523248,-0.7028113080292838,0.7112614984551625,0.196795421358373,-0.003143999470133011,-0.0061690048314630985
1625264864.3154445,83,odom,base_link,0.004091994733793984,-0.8460663101045588,0.986928752185854,-0.0068787563159570745,-0.006731763379276916,-0.7033786683980302,0.7107501775701254,0.22119957274544036,-0.0036968196572538755,-0.009652148932218552
1625264864.5821908,84,odom,base_link,0.0038872625495046035,-0.8945798544742227,0.9873174581902966,0.010055531834080844,0.009601784962116333,-0.7032895879392453,0.7107675059408115,0.1819344770878138,-0.002694189627432513,0.0014578639529645443
1625264864.848698,85,odom,base_link,0.003493568641893898,-0.9487283142923784,0.9852181737268378,-0.0035666794989741243,-0.0035262615971057816,-0.7037632857812738,0.7104168366971925,0.20312800451972293,-0.003388637566689256,-0.007875967770814896
1625264865.115615,86,odom,base_link,0.00321731251341865,-0.9994066114379356,0.9858104136822882,0.01275923894742759,0.01222556327459408,-0.7036471876185226,0.7103297634061554,0.19003675868359504,-0.002835465863168009,0.0022210339084267616
1625264865.4487028,87,odom,base_link,0.002578820265934548,-1.075249300107895,0.9838350011958628,-0.006776400929792156,-0.006647394355524369,-0.7041601079613969,0.7099777707044883,0.2275555066594866,-0.0037888592102011892,-0.0059275636449456215
1625264865.582045,88,odom,base_link,0.001882717401883967,-1.1008509757820462,0.9848455604456005,0.010683108381156117,0.010577664461398075,-0.7039855635217649,0.7100551461420455,0.1920524968979335,-0.006873016034948934,0.007582820951938629
1625264865.8487585,89,odom,base_link,0.001193433225460287,-1.1567293993101362,0.9836097918717103,-0.003849423953313328,-0.0033174916154471647,-0.7044182893716955,0.7097668982019824,0.2095351568150967,-0.004170928389834302,-0.00463450001552701
1625264866.115499,90,odom,base_link,0.0010967208620490743,-1.2089412207429104,0.9861349755673969,0.01271136285835561,0.012702704922377883,-0.7042267202856434,0.709747693886824,0.19582883750531105,-0.00189258129601856,0.009471533820033073
1625264866.315878,91,odom,base_link,0.001033455475724589,-1.2557020825430973,0.9856988294041129,-0.006065856530077484,-0.00592551169888478,-0.7047201394203961,0.7094347177795575,0.23382032451157383,-0.0018759316974577374,-0.0021809483878314495
1625264866.648759,92,odom,base_link,0.0011056146436064817,-1.3220386940960784,0.9892560157151307,0.010398808584063762,0.010662296541246096,-0.7044602138707147,0.7095871949843271,0.19909726712450893,-0.0012264051015066944,0.010676443576812744
1625264866.8487332,93,odom,base_link,0.0012263175502927547,-1.3638470719792588,0.9888950270640384,-0.008583344518422756,-0.0084422736799758,-0.7048519584920608,0.7092522617672056,0.20910635924186152,-0.000698353355984374,-0.0018055024556815624
1625264867.115444,94,odom,base_link,0.001389238279233109,-1.4090337360942975,0.9910542153345887,0.009836750223634085,0.009955604695252725,-0.7047097257649733,0.709357686003645,0.1694700248936616,-0.0005028715466569989,0.008097896352410316
1625264867.3822067,95,odom,base_link,0.0015665428356601676,-1.4637517262139998,0.9908005938477004,-0.0021257934276074034,-0.0020925960609418552,-0.7051341690656362,0.7090676312314247,0.20521448779268178,-0.0004766432045637376,-0.0009511802345514297
1625264867.648768,96,odom,base_link,0.0017064968052986512,-1.5171383904386886,0.9922528285507889,0.013681821442827882,0.013801674554894406,-0.7049115989374418,0.7090288846196229,0.20028174393225226,-0.0006411490170713213,0.0054481131955981255
1625264867.9153516,97,odom,base_link,0.0018546153584371894,-1.575330753104618,0.9920127342668007,-0.007785262197518024,-0.007707732469410351,-0.7052826714466423,0.708841543583461,0.21826037835242731,-0.000543425250544998,-0.0009005144238471985
1625264868.1154523,98,odom,base_link,0.0019426804038498316,-1.6118737794392204,0.9934227873871054,0.010839452325947919,0.01094501061120338,-0.7050395802630475,0.7090006370085291,0.18272322645462144,-0.00058317888792239,0.0070505933836102486
1625264868.3822458,99,odom,base_link,0.002074426187063089,-1.6694230631791593,0.9933026185060626,-0.0027999262007603965,-0.002758483847094215,-0.7054412863773347,0.708757463914439,0.2158776850795761,-0.0005182934651312815,-0.0004507751436904073
1625264868.6493025,100,odom,base_link,0.0020972325083985373,-1.7251184604162726,0.9941035582738007,0.014099772380741242,0.013786545684600157,-0.7051676009514488,0.7087663805128428,0.2088508295648551,-0.0009798678598932015,0.003003457561135292
1625264868.8487322,101,odom,base_link,0.001954106108868108,-1.7701900254602037,0.9941450898427092,-0.008008627214071392,-0.008003243571783801,-0.7055221057843726,0.7085974655839951,0.22565435642365442,-0.001698231716766759,0.00020793592557311058
1625264869.1820946,102,odom,base_link,0.00178915159224233,-1.8335559321740738,0.9955389317873592,0.011192387854340171,0.010913483879717379,-0.7052924482132819,0.7087440926152686,0.1901143805425068,-0.0014244635085708807,0.004181995522230864
1625264869.3821344,103,odom,base_link,0.0007053668499448918,-1.8772201401336284,0.995653042322245,-0.006829819671161454,-0.006675440840953688,-0.7056869809531254,0.7084593686063452,0.21831287998050172,-0.006275859462419043,0.0005705913063138723
1625264869.6489265,104,odom,base_link,-0.000941173953169665,-1.9244512092357136,0.9966523014334435,0.005267163580446917,0.005592272256168794,-0.7054943961554418,0.7086738604408224,0.17713336086902634,-0.006972128449431498,0.0037482031621038914
1625264869.8487446,105,odom,base_link,-0.0021849672803198675,-1.9576209483579525,0.9966062824264366,-0.005915418495991266,-0.005127766964685586,-0.7056523347015622,0.7085149937441038,0.16588390381797946,-0.006894410628536562,-0.00023018079809844494
1625264870.1154268,106,odom,base_link,0.0006477979193548733,-1.9922703268794404,0.9975650706440029,-0.005141916277361349,0.007693549125298397,-0.7055661804383145,0.7085836118769194,0.13001112928132133,0.010075070719103527,0.0035963449627161026
1625264870.4487476,107,odom,base_link,0.013155934606225257,-2.0329423968192026,0.9977610668750814,-0.005419648090393696,-0.0023656074273000114,-0.7057506491301762,0.7084356375623766,0.12217698960715591,0.037063449664672794,0.0005880767130292952
1625264870.648906,108,odom,base_link,0.025529272046982576,-2.0519902175889273,0.997787351627483,-0.0141704978795512,0.01127779389392254,-0.7056251093683146,0.7083538758160963,0.09548911488448313,0.06149654211532793,0.00013143406249582767
1625264870.915747,109,odom,base_link,0.050353734262889804,-2.071487098007855,0.9979120905490992,-0.004076811565118799,-0.004022894153204496,-0.7058002834453307,0.7083877157451176,0.07345063983263582,0.09281990538907135,0.00046775268856436014
1625264871.115453,110,odom,base_link,0.07546287417295784,-2.0804097485940436,0.997941556303011,-0.02228178644108442,0.012992032481493911,-0.7057870263823977,0.7079543788093174,0.04510915890573991,0.12558938548638024,0.00014755874872207642
1625264871.3822556,111,odom,base_link,0.12429955733744279,-2.0852337566173906,0.998086720043869,-0.002566252265981282,-0.0030513322025954217,-0.7059796787892968,0.7082208672848167,0.018672237446669834,0.1831021652453109,0.0005444318521767855
1625264871.7154732,112,odom,base_link,0.19623707176268287,-2.0831598813322527,0.9980477687514809,-0.025876797302849395,0.014649033175977362,-0.7060083357767433,0.7075789899383034,-0.005645573551990923,0.21588192222810285,-0.00011688284575939178
1625264871.9160888,113,odom,base_link,0.24332866924811414,-2.078028773503413,0.998171718193734,0.008231862642835942,-0.009723341447712827,-0.7061007481004593,0.7079967701907208,-0.02502055964890849,0.23543217247700304,0.0006195022724568844
1625264872.1821465,114,odom,base_link,0.30233754492960013,-2.0686195461658707,0.9983489698006709,-0.021166109793907074,0.011713577096879264,-0.7062640999987623,0.7075350231336438,-0.03485189641083081,0.22157202565034426,0.0006653387099504471
1625264872.3820724,115,odom,base_link,0.3511895586190602,-2.058890899190289,0.9985513493879358,0.009987560323383118,-0.008122698913506494,-0.7062795241929064,0.7078160100668739,-0.048125751674703496,0.24447653075845563,0.0010123522952198982
1625264872.648841,116,odom,base_link,0.4120540391107935,-2.045734953809619,0.9987922974066475,-0.01951333805533107,0.012949043296762433,-0.706266967731658,0.7075581405133899,-0.0488755847017177,0.22837088498864525,0.0009036697447299957
1625264872.9822395,117,odom,base_link,0.4921691974404861,-2.02936983903221,0.9991970669499153,0.012336239569461881,-0.008133227922827564,-0.7062640125328634,0.707794329164779,-0.0485570250895025,0.24046815650843484,0.001214373391121626
1625264873.1820588,118,odom,base_link,0.5369357813159386,-2.0210139368753306,0.99946536335679,-0.01750111701496715,0.014297431452533496,-0.7061976802656261,0.707653962572483,-0.041321619405423345,0.22406299822804585,0.001342322677373886
1625264873.4487834,119,odom,base_link,0.6006973795910299,-2.010226038171018,0.9998355774350655,0.011519419933098195,-0.007601362003444578,-0.7062415367962058,0.7078364316449324,-0.039903814873686765,0.23923848250101684,0.0013885283842682838
1625264873.6487045,120,odom,base_link,0.6465774715449246,-2.0039685272913017,1.000097340497149,-0.015637005308472295,0.014948638459268708,-0.70617038829739,0.707711385357838,-0.03079254310734094,0.22954111015371087,0.001309228129684925
1625264873.9155676,121,odom,base_link,0.7046518999698804,-1.9974835846122114,1.000534475871341,0.012692339912089633,-0.009228432631358878,-0.7061682569317523,0.7078701388254027,-0.0237812372711827,0.2178700556328308,0.0016394928097724915
1625264874.2487438,122,odom,base_link,0.7721942129497426,-1.9917284635618915,1.001100926775683,-0.013801060700940372,0.015182741302811335,-0.7061616390062667,0.707753314853448,-0.01682043689063758,0.20270091880012903,0.001699657179415226
1625264874.4487998,123,odom,base_link,0.8139068665931211,-1.9893113696134785,1.0014230646711877,0.010150225752497084,-0.007869518462231918,-0.7061308930503145,0.7079648335025629,-0.011538215838813962,0.2086349503417637,0.0016110027208924294
1625264874.715423,124,odom,base_link,0.8671972645547592,-1.9880897148135201,1.0018400818275421,-0.013046853274333388,0.014771367414446252,-0.7061428481071442,0.7077950723136437,-0.0041246539206109285,0.1998841983891084,0.0015640901401638985
1625264874.915496,125,odom,base_link,0.9094346365109535,-1.9874956423688612,1.0021650593949039,0.004707905535750438,-0.0038704895696839623,-0.7061889466203789,0.7079971939260471,-0.002428912515066492,0.21120458248553195,0.001624970929697156
1625264875.1156287,126,odom,base_link,0.954377897304586,-1.9879032504936685,1.0024503971261556,-0.015562695408951365,0.017099086960813633,-0.7060739403755685,0.7077605629443003,0.002564199849288778,0.22484951325409325,0.00142756849527359
1625264875.4487257,127,odom,base_link,1.0356248954537868,-1.9893128761559404,1.0030397218939844,0.00928374527479029,-0.009283311036879445,-0.7061121128391751,0.7079783303969558,0.00487305166671173,0.24377675273278088,0.0017683207988739014
1625264875.6487105,128,odom,base_link,1.0808798224571685,-1.9900351146456667,1.0033875217817032,-0.014184330601684787,0.015225948753654038,-0.7060786181513868,0.707827634554742,0.004165074294876044,0.22633355320986306,0.0017395252361893654
1625264875.9154224,129,odom,base_link,1.1400369809870665,-1.9909885757398824,1.003873578785528,0.010369774565003988,-0.010693383498568429,-0.7060602570113476,0.7079950796396071,0.0041816569164095435,0.2218692240673803,0.0018230462446808815
1625264876.182671,130,odom,base_link,1.1926872107010118,-1.9916920143793937,1.0032052288619282,-0.012604818950107009,0.013557709406154358,-0.7061083576641526,0.707861776261246,0.003122264325565047,0.19741825221309178,-0.0025061466731131077
1625264876.3827684,131,odom,base_link,1.234691464194439,-1.992353514239149,1.0034981619341312,0.008116634048552701,-0.008296933600930418,-0.7061164571616959,0.7080005862073551,0.003869164019193229,0.2101595535500304,0.0014656963758170605
1625264876.715551,132,odom,base_link,1.3028806394244976,-1.9931793962677982,1.0039426954518678,-0.012946925899697405,0.013551061558560994,-0.7061179389304478,0.7078461712554501,0.002976271731266562,0.2046994506559625,0.0013345037586987019
1625264876.9155142,133,odom,base_link,1.34140538029209,-1.9935660209926864,1.004151710928629,0.0058906829556424995,-0.006054708445350799,-0.7061543943559329,0.7080074940929393,0.0024378490203359,0.19264350704935349,0.0010452158749103546
1625264877.1828759,134,odom,base_link,1.3925130579856984,-1.9940198754117533,1.0032971473047403,-0.013788405249382693,0.014467985279396842,-0.7060994513854751,0.7078305743861061,0.0021660719967281474,0.1915336533091635,-0.0032026832923293114
1625264877.4495442,135,odom,base_link,1.4488091328153396,-1.9946262790215443,1.0035947494229063,0.003838889255095183,-0.0038863332541008476,-0.7061593173294437,0.7080319045720606,0.0028366564363002953,0.2113767515558859,0.0011174523970112205
1625264877.6487172,136,odom,base_link,1.492471602040314,-1.9950279211492319,1.0037871400038405,-0.015168984461923385,0.0158468312673377,-0.7060793065800031,0.7077929023864823,0.0025382196643991416,0.2187961673417014,0.0009641088545322418
1625264877.982142,137,odom,base_link,1.5573545250792327,-1.9956168662732343,1.0041244967929586,0.010577463441438064,-0.010798775654271746,-0.7060843578754508,0.7079663715708017,0.0022841882809511447,0.19466626463787348,0.0010121893137693405
1625264878.182155,138,odom,base_link,1.5950566620964792,-1.9958293571417625,1.0034357107395986,-0.01453693921820206,0.014794253392486082,-0.706094800731312,0.7078134922738716,0.0015193913628952255,0.18854084782837402,-0.003444538451731205
1625264878.4489415,139,odom,base_link,1.6501422925247693,-1.9961066806364307,1.0037173069626757,0.0034913483035756148,-0.003576669375162394,-0.7061639922853441,0.7080306730098835,0.001585275856957524,0.20658383526409949,0.0010560685768723488
1625264878.6493683,140,odom,base_link,1.694320349179537,-1.9962902680100754,1.0032607467680936,-0.014971107473481049,0.015268203105645087,-0.7060826853450346,0.7078064632163846,0.0014537043527328604,0.22079536010656511,-0.0022818497382104397
1625264878.9154024,141,odom,base_link,1.7458462840848572,-1.9964849773786326,1.003537463902737,0.011373209140461527,-0.011510783901963091,-0.7060902035839309,0.7079369861580993,0.0012362181376168457,0.19354660506908283,0.0010394449345767498
1625264879.2488034,142,odom,base_link,1.8099187594752746,-1.9967266242648471,1.003908290446601,-0.014915619692968556,0.015242369499739639,-0.7060948927719978,0.7077960135960847,0.0011854551195383048,0.19222963524405645,0.0011125635355710983
1625264879.4490774,143,odom,base_link,1.8489645052480483,-1.996915349423649,1.0041035988443245,0.004210831535739299,-0.004258998055354966,-0.7061638783445847,0.7080230976138255,0.0014566538648744754,0.19519867422280177,0.0009764074347913265
1625264879.7157912,144,odom,base_link,1.9006622085745075,-1.9971906685662701,1.003770228002705,-0.0070013242251447914,0.007302698033758983,-0.7062061477738418,0.7079339862635168,0.0015064589484035924,0.1940122566296438,-0.0012511012610048056
1625264879.9820988,145,odom,base_link,1.944691030285751,-1.9974246397470714,1.0041529747563862,0.006909214277962756,-0.0069886932572893745,-0.7061663215302951,0.7079777872652421,0.0013011547659489398,0.1652316565016791,0.0014363988302648067
1625264880.1820555,146,odom,base_link,1.9728303734246226,-1.993921963184498,1.0036255415534923,-0.009593359521683555,-0.0029352451526762947,-0.7061835103116704,0.7079577681986887,-0.017153301109518813,0.1407809334438419,-0.0026379020418971777
1625264880.5154455,147,odom,base_link,2.012807898198839,-1.9827911033454226,1.004073526498363,0.0045795564545038515,-0.005581328946015906,-0.7061414139442553,0.7080340245656872,-0.03306713710492145,0.12000105415188564,0.0013437294401228428
1625264880.71561,148,odom,base_link,2.0322314516271835,-1.9685986440445473,1.0037273938422517,-0.011290886070405626,-0.012438087570102173,-0.7060649996895617,0.7079477566054736,-0.0707530109269732,0.09736922000855122,-0.001731814001686871
1625264880.9820657,149,odom,base_link,2.0517849473666723,-1.9445958294764318,1.004125238669422,0.005072809750663106,-0.0033870284304503857,-0.7061404097009082,0.708045560982539,-0.08984111906194343,0.07359329719043219,0.0014924081042408943
1625264881.1821027,150,odom,base_link,2.060933034424462,-1.9180084597733595,1.0037289349108396,-0.013080042375913046,-0.019931131094151164,-0.7058701805895281,0.7079399343583176,-0.13286108085068082,0.04611638392348974,-0.0019822402391582727
1625264881.4487686,151,odom,base_link,2.0676526635095622,-1.877901173932598,1.0041475584776063,0.005014748778236296,-0.0002049594875343872,-0.7061295307760079,0.7080648953678995,-0.15036915840365378,0.025620253197640563,0.0015702248783782125
1625264881.782308,152,odom,base_link,2.0692082365806983,-1.8162920776701033,1.0035436534866018,-0.012879912691589342,-0.021831225497226818,-0.7057516611887537,0.708005719024685,-0.18482936491952465,0.005199359267152949,-0.0018118745647370815
1625264881.9821498,153,odom,base_link,2.0673636719500625,-1.778652908483309,1.0038633530123002,0.0061511757346146174,0.00423149327139059,-0.7060651817832447,0.7081074894217471,-0.18834395459829634,-0.00868105838996934,0.0015995344147086143
1625264882.2487872,154,odom,base_link,2.0604620672154206,-1.7202125899584852,1.003169359845238,-0.014381620834383945,-0.0233048749084354,-0.7056935808338186,0.7079877271235858,-0.21930142409660205,-0.02525167961165786,-0.002603374421596527
1625264882.4487517,155,odom,base_link,2.0540891700040276,-1.6767867145615059,1.0034949260934931,0.00855079336365973,0.010121690327634165,-0.7059509101724804,0.708136814284083,-0.2172913261630325,-0.031208702956285077,0.0016283211298286915
1625264882.7154293,156,odom,base_link,2.043834120847705,-1.611544502767752,1.0038548605350526,-0.013070158780649923,-0.01891103871762497,-0.705773247127671,0.70806473376587,-0.244824082218599,-0.03771616036317934,0.0013500265777111053
1625264883.0488873,157,odom,base_link,2.031603173920102,-1.5399121409139473,1.0040212265666042,0.010276422286235414,0.014224936868886541,-0.7059170901333081,0.7080770496025091,-0.21499048417846714,-0.03605436752284548,0.0004990650340914726
1625264883.1822808,158,odom,base_link,2.0266050853019135,-1.508436856660525,1.0036184428006067,-0.01624293139535315,-0.020089794653241476,-0.7058009236748047,0.7079389969978126,-0.23651695862755986,-0.03685783380428628,-0.003025292418897152
1625264883.515536,159,odom,base_link,2.0165239834708197,-1.4336518805207283,1.0037482157032456,0.00783168864176908,0.011584358381876705,-0.7059927656866244,0.70808098554618,-0.22443131750768647,-0.02959549192418748,0.00038930168375372887
1625264883.7154202,160,odom,base_link,2.011229423918909,-1.3818707104824846,1.003432917283227,-0.013876995203434122,-0.015008063093160029,-0.7058913754080387,0.708025107726317,-0.2591351521153887,-0.025714417688626603,-0.0015774136409163475
1625264883.9825985,161,odom,base_link,2.005311543980771,-1.322292597894991,1.003456497076048,0.011162604327945871,0.014308182611471147,-0.7059741428522203,0.7080050718738159,-0.2234418833465384,-0.02156428503667962,8.840952068567276e-05
1625264884.315657,162,odom,base_link,1.9999109603474443,-1.2405862310121032,1.0025053537971214,-0.016566716508892413,-0.016766559354861887,-0.7059401442131814,0.7078791840277456,-0.24529817335627893,-0.015539187252999267,-0.0028550084680318832
1625264884.5157292,163,odom,base_link,1.9972005125061487,-1.1966607136750866,1.0024660605000841,0.009351926013993907,0.011302876795442871,-0.7060674610677102,0.7079926036883247,-0.21935620662802022,-0.012944790152325608,-0.0001961919479072094
1625264884.7154229,164,odom,base_link,1.9954160321741452,-1.1471642664117108,1.0021874158480126,-0.009937740838090538,-0.009274278988875279,-0.7060187385578005,0.708062687804917,-0.24799864276105468,-0.008219935792186103,-0.001395990140736103
1625264884.982225,165,odom,base_link,1.9938519254123084,-1.0939278816128892,1.002480438091448,0.011675369829858083,0.013017441816320585,-0.7060291622948075,0.7079668452245393,-0.19969231108768887,-0.005325771742285467,0.0010990574955940247
1625264885.2490544,166,odom,base_link,1.9927671653013619,-1.034332504715176,1.0024830617471308,-0.017185141012412967,-0.016273932646275198,-0.7059837277618319,0.70783247041946,-0.2235934945472417,-0.0034777938456258357,9.843148291110992e-06
1625264885.515487,167,odom,base_link,1.9928219561154337,-0.978154720607461,1.0026507568837817,0.009443078937047385,0.010093128898440737,-0.7060981939744232,0.7079790233299896,-0.2106770116078204,0.0007633415586521653,0.0006288914009928703
1625264885.7154145,168,odom,base_link,1.9933708579511398,-0.9324839477961321,1.0028413222586925,-0.004910840270006649,-0.004320022964823791,-0.7060588825060754,0.7081229239925069,-0.2285064365218622,0.0034147632104298492,0.0009535010904073715
1625264886.0502284,169,odom,base_link,1.9939789750171784,-0.8729411442004505,1.0033789742491435,0.011054032376449077,0.010831697378298418,-0.7061410861877927,0.7079020052928578,-0.1783044736592602,0.0022661636482053573,0.0016100769862532616
1625264886.2490425,170,odom,base_link,1.9944210537345186,-0.8317815448903777,1.0035467308970885,-0.016238865951608682,-0.01550591345319754,-0.7060057585268874,0.707850079329982,-0.2067461971025166,0.002765129181300164,0.0008426746353507042
1625264886.5154555,171,odom,base_link,1.9949424293727667,-0.7772577018496554,1.003564110835794,0.0025306824427437044,0.0024935235397381753,-0.7062222652551664,0.7079812780325426,-0.20459586176364825,0.002465479986199651,6.521842442452908e-05
1625264886.782104,172,odom,base_link,1.9954096737634914,-0.7085294075404627,1.0024237535274088,-0.020754159996781204,-0.02038130524933652,-0.7058862258555764,0.707727704266642,-0.2577471741381085,0.0024283703480516643,-0.004276697523891926
1625264886.9820669,173,odom,base_link,1.995602280299067,-0.6567083420415,1.002752360657228,0.009205322459370995,0.00899824549194138,-0.7061056068201329,0.7079895236750737,-0.2592072712387861,0.001655174697170727,0.0016437042504549026
1625264887.2487946,174,odom,base_link,1.9958788926984194,-0.5817711664930502,1.003093619500392,-0.010200309741726924,-0.009933811574129031,-0.706063642981354,0.7080052295913369,-0.2810723327907518,0.0018110478905500166,0.0012800022959709167
1625264887.5157096,175,odom,base_link,1.9960390818163214,-0.5220580937890918,1.0035086296861593,0.013216834501694641,0.013087497695990795,-0.706084467361518,0.7078832937996302,-0.22396293912753226,0.0011716261840323925,0.0015565743669867516
1625264887.7154417,176,odom,base_link,1.9962235149484602,-0.4756799418466219,1.0036100017846827,-0.013904352679323762,-0.013548476775901385,-0.7060830402711579,0.7078628737227716,-0.2319868313092508,0.001509088577145779,0.0005070772022008896
1625264888.0489972,177,odom,base_link,1.9965059508470513,-0.4034982263972006,1.0036208883473434,0.007049925376374241,0.0069659086666822795,-0.7061795939331916,0.7079633859042342,-0.21643998118814406,0.0013932517352143415,3.2644253224134445e-05
1625264888.248805,178,odom,base_link,1.996715289855594,-0.35518257828300015,1.003312349405989,-0.010391503478375079,-0.010109759137163742,-0.7060440302327944,0.7080195172438967,-0.24194168039591146,0.0017258309864535998,-0.0015450404025614262
1625264888.515783,179,odom,base_link,1.9968889868479156,-0.30226415605108276,1.0037049863524838,0.012310824828305113,0.012197054045484308,-0.7060843832350089,0.707915615886735,-0.1984459731652696,0.0011660927099963504,0.001472420059144497
1625264888.7154293,180,odom,base_link,1.9970861625285312,-0.2602993650120421,1.0037982375028285,-0.013747553178463812,-0.013380610514782355,-0.7060788445624714,0.7078733144462943,-0.21002390071217014,0.0015222150090220012,0.00046670716255903244
1625264888.9821744,181,odom,base_link,1.997302623292095,-0.20877037897475495,1.0038408932830027,0.00899409056250542,0.008874822377381039,-0.7061427673750486,0.707956733103536,-0.19325082490004392,0.0013080989809944568,0.00015997560694813728
1625264889.3155303,182,odom,base_link,1.9976211699737554,-0.13790201052163675,1.0031771910695715,-0.011380324816849773,-0.011064563246635845,-0.70606844024878,0.7079656921997555,-0.21266506123240095,0.0015282589838242142,-0.0019916994497179985
1625264889.515807,183,odom,base_link,1.9977740294572215,-0.09927118572272228,1.0034238866841179,0.0047868567312932845,0.004701130914924954,-0.7062079546532053,0.7079726761360856,-0.19315872396432165,0.0012465836188656442,0.001233523478731513
1625264889.7820945,184,odom,base_link,1.9978330208598185,-0.0458981182937405,1.0036966278524628,-0.0066111730582970926,-0.006665382940461024,-0.7061011208631924,0.7080487781055721,-0.20025962776632908,0.0007728685050844542,0.0010233516804873943
1625264889.9821317,185,odom,base_link,1.9977929849414224,-0.010789084695688712,1.0036250925456496,0.0071211447257341345,0.005914497219014577,-0.7061857832296917,0.7079660638651462,-0.17560224565151614,0.0002446877096684981,-0.00035779294557869434
1625264890.2494001,186,odom,base_link,1.9903463610794365,0.03060489883161966,1.0032846487266611,0.006653382401966169,-0.003090941584358423,-0.7061313528017188,0.7080428597007034,-0.1553151946879859,-0.02750183342192921,-0.0012767619919031858
1625264890.582149,187,odom,base_link,1.978074636739405,0.0692845964390019,1.0036877605364731,0.008075459220959466,0.005302867674054971,-0.7061787924108217,0.7079676402929697,-0.11617928059197916,-0.036531633076551204,0.0012098150327801704
1625264890.7153635,188,odom,base_link,1.9663281628072466,0.08021441860015358,1.003724998594417,0.017408551192470118,-0.009324360401783117,-0.7061120123496063,0.7078247132334857,-0.08229371919715671,-0.08797601876601649,0.0002795842010527849
1625264891.0491402,189,odom,base_link,1.932660082863987,0.09730472732130271,1.0035084370764995,0.004399357073072019,0.004349089545933279,-0.706214164983453,0.707971245358305,-0.051502623346616996,-0.10083892829255117,-0.0006494426052086055
1625264891.2493296,190,odom,base_link,1.900507605395288,0.10050036379012753,1.0030118480641517,0.02051339402538313,-0.009024744144816226,-0.7061788429558408,0.7076787381433965,-0.01639480256422389,-0.16093012331028245,-0.0024861511774361134
1625264891.5154254,191,odom,base_link,1.857511886264076,0.09981793242673162,1.0030729520197887,-0.0020281232104826935,0.005669026271790894,-0.7062643732952469,0.7079225832470982,0.002187144117530434,-0.16135870147824277,0.0002293093129992485
1625264891.7822733,192,odom,base_link,1.8003888869371365,0.09228916475080033,1.0030282021665378,0.026539845943591944,-0.012931958328451041,-0.7061473446746519,0.7074491703578568,0.027727487935718963,-0.21430903992717792,-0.00016783643513917923
1625264891.9827955,193,odom,base_link,1.7565037994824515,0.08441896222437825,1.0031969887196492,-0.0048317205376338665,0.005129889787777136,-0.7063113969892126,0.7078661944114569,0.038876251509088605,-0.21955167063212452,0.0008440879173576832
1625264892.2487986,194,odom,base_link,1.6880925842792258,0.06910478464821598,1.0032487146295836,0.02290921804901102,-0.012403559682296856,-0.7061521190984925,0.7075807403599245,0.05687981576718677,-0.25697314476756844,0.0001941947266459465
1625264892.515444,195,odom,base_link,1.6279665314832612,0.05416959897489187,1.0034506362113247,-0.015543134189773664,0.009882824868038808,-0.7062250403132144,0.7077477892489565,0.0555074809147914,-0.22567645938460296,0.0007574600167572498
1625264892.7154999,196,odom,base_link,1.5805004229659996,0.04253753852671864,1.0035522737118014,0.02052543830195779,-0.013712560002186257,-0.7061661362605322,0.7076157573708847,0.05762901602345136,-0.23750657020463437,0.0005082814022898674
1625264893.0488126,197,odom,base_link,1.504513099781549,0.024684697828031427,1.0037949795096428,-0.012969245336161247,0.007600864361824626,-0.7063150990568906,0.7077379503605966,0.05307516194064622,-0.2280777296551777,0.0007281256839632988
1625264893.2487798,198,odom,base_link,1.4558896679616238,0.015688363437564024,1.0033079287652351,0.01662020678815347,-0.014100775022419337,-0.7061384965705394,0.7077382005594897,0.0444449211577816,-0.24339735051589498,-0.002437012270092964
1625264893.5159228,199,odom,base_link,1.3989972132541626,0.006509171369150937,1.0036399226492558,-0.01450577527687894,0.009435712795376774,-0.7062011471086277,0.7077997524936828,0.03391722255747117,-0.21345021023065983,0.001245106104761362
1625264893.7159238,200,odom,base_link,1.356252309979228,0.0012246924028872196,1.0038834660979423,0.014544970507596204,-0.01482277429168767,-0.7060543157018717,0.7078531150415266,0.025896217589732304,-0.21392081576757604,0.001218457706272602
1625264893.982118,201,odom,base_link,1.3015630054044756,-0.004417137931424356,1.0040642649842786,-0.01089319621124283,0.007684642936185636,-0.7061619699458631,0.7079248242161202,0.020651803537592762,-0.20532195854620858,0.000678603071719408
1625264894.2488084,202,odom,base_link,1.2413638795566184,-0.007910098612551887,1.0034721945974518,0.014660689961312978,-0.015936248459404768,-0.7059651815454073,0.707915434639236,0.012488420101078992,-0.22584544492028333,-0.0022208928130567074
1625264894.4489279,203,odom,base_link,1.2014178324407583,-0.009126653782073635,1.003774730162235,-0.011589855743921287,0.009756192967164108,-0.7061243110342793,0.7079258077715398,0.005567912153269822,-0.1998088261170082,0.0015131589025259018
1625264894.7155848,204,odom,base_link,1.1469578400136011,-0.009754253802605774,1.002940359915047,0.01449458234640654,-0.015966115058148794,-0.7059461013621352,0.7079372092383301,0.0017883649991171035,-0.20430542680606048,-0.0031300331465899944
1625264894.9820585,205,odom,base_link,1.0884543451089548,-0.009161852156413457,1.0033345237773197,-0.00819706913504813,0.007707608268551171,-0.7061716705527791,0.7079512501161864,-0.0027760058309042944,-0.219437042630688,0.0014784866943955421
1625264895.1820953,206,odom,base_link,1.04326516403892,-0.008370612646683514,1.0036490789947596,0.015118953593958437,-0.016433865988983363,-0.7059291610764191,0.7079303389690423,-0.004587485998153553,-0.2260024347216282,0.0015732524916529655
1625264895.5163598,207,odom,base_link,0.9712315485142806,-0.007063125075128328,1.0041928172169572,-0.01022823418541205,0.010506622570438561,-0.7061579824672947,0.7079024635536527,-0.004454181185355193,-0.21608567649084642,0.0016311779618263245
1625264895.7154253,208,odom,base_link,0.9296323750323168,-0.005640803632385839,1.0036462105213317,0.014344639353375287,-0.014980772239579635,-0.705972678011278,0.7079352976695765,-0.007695283309149927,-0.2082569848131932,-0.002736732829362154
1625264895.9821215,209,odom,base_link,0.8671370369599524,-0.0032694537408647817,1.0040969306538248,-0.007248768730439485,0.008133160137173915,-0.7061604832518711,0.7079679928863731,-0.009489175557372295,-0.23435391156885593,0.0016903430223464966
1625264896.1824298,210,odom,base_link,0.8177840549426967,-0.001714037559245443,1.0035942219430316,0.016097037524775502,-0.015999267462118515,-0.7059726195714122,0.7078753910393266,-0.008441963346800868,-0.24675131122886335,-0.0025136275216937065
1625264896.448854,211,odom,base_link,0.7558915810625635,-0.001085165666173196,1.0040249663491336,-0.010957387457249433,0.011895044662607173,-0.7061669799060938,0.7078606077914584,-0.0029112649702099738,-0.23226133292288836,0.0016164802946150303
1625264896.715491,212,odom,base_link,0.6996531109609642,-0.0013001982938691298,1.003304220123608,0.013014686286983745,-0.012609460967287121,-0.7060641779743084,0.7079159526500515,0.00025200862901321366,-0.21091969854057596,-0.0027031064964830875
1625264896.9154813,213,odom,base_link,0.6580414238316643,-0.0015372538636985221,1.0036325392094456,-0.009354155682254802,0.009409140919417804,-0.7061837556689957,0.7079042810068765,0.0006794787701611584,-0.2081190823924262,0.001642056042328477
1625264897.2487922,214,odom,base_link,0.5912048987648395,-0.001773300938254499,1.004115903699182,0.013161810706333753,-0.013117205422937862,-0.7060529436638142,0.7079152113102855,0.00017996881116800762,-0.20056013047001825,0.001450450625270605
1625264897.4488935,215,odom,base_link,0.5515624967576643,-0.001838197986300595,1.0043724413371289,-0.004824031945847217,0.004835025757942817,-0.7062210236780013,0.7079584853343459,-0.0001625845877455082,-0.19829343793495863,0.0012832138454541564
1625264897.7155082,216,odom,base_link,0.4956301630695325,-0.0018896834552820467,1.0034715040505562,0.015002019666915029,-0.014974011167026045,-0.706016553759011,0.7078780574461485,-0.0003593817308061944,-0.20988013324948795,-0.0033806748688220978
1625264897.982609,217,odom,base_link,0.43637423400625047,-0.0019387961683248842,1.0037356280936347,-0.008425517045108284,0.008471942528904666,-0.7061923291448525,0.7079192264017682,-0.0003582389800628075,-0.22217455117491572,0.0009903092868626118
1625264898.1825366,218,odom,base_link,0.39461614981966864,-0.0019820524667688074,1.0031203389448198,0.01317448723047575,-0.01313537179596014,-0.7060547586189628,0.7079128284792655,-0.00033246051011919805,-0.20877873529569757,-0.003076275810599327
1625264898.4494328,219,odom,base_link,0.3432738195416881,-0.002037951009208038,1.0033398760221341,-0.009544280309448407,0.009620309265343746,-0.7061856371085241,0.7078970280377236,-0.00025605697287580813,-0.19254532802728505,0.0008233138360083103
1625264898.6487675,220,odom,base_link,0.30695939766139,-0.0021143940881363696,1.003448651342634,0.013441955203190293,-0.013371695996038338,-0.706063871710162,0.7078942863536621,-8.831555873545704e-05,-0.18209917304190928,0.0005454542115330696
1625264898.9156597,221,odom,base_link,0.25093649568745713,-0.0022033307500633325,1.0035923875566675,-0.0023652742157227167,0.0023619182100395077,-0.7062166186820479,0.7079879337372553,-0.00019273124666680446,-0.21005753918739678,0.0005389376310631633
1625264899.2493129,222,odom,base_link,0.17745499645372348,-0.0023300309207169617,1.0023042579718136,0.01679500740318922,-0.016767106415264795,-0.7060077366791285,0.7078063772091917,-0.00018080157554056347,-0.22058695603614478,-0.003866881597787142
1625264899.382103,223,odom,base_link,0.1461013595997006,-0.0023679043004399816,1.0023422403927142,-0.00856517431629297,0.008593400403664676,-0.7061947863271906,0.7079136352852142,-0.0002875122219434335,-0.23523848840895378,0.0002849726006388664
1625264899.6489651,224,odom,base_link,0.10618361000957842,-0.002371616390933818,1.0025034474211325,-0.01295729107547847,0.012951389891191536,-0.7061023491810857,0.7078727587559955,-0.0003608626228939594,-0.1497056015739907,0.000604584813117981
1625264899.915448,225,odom,base_link,0.08732804753061123,-0.0023521714667485536,1.0026388232425516,-0.009134833010342638,0.009184224333940831,-0.7061646026154471,0.7079292046965039,-0.00024949528928340227,-0.07076512291272512,0.000508069759234786
1625264900.1820848,226,odom,base_link,0.08054314653310757,-0.002338907500389862,1.002805991445119,-0.005420085486768856,0.005435379567660496,-0.7061954314243695,0.7079753469984814,-0.00011379301495866496,-0.0254462761936568,0.0006269572186283767
1625264900.4489577,227,odom,base_link,0.07981439174287476,-0.0023302566980501274,1.0030807720316188,-0.002906249973746213,0.0029449354155634635,-0.7062115585398633,0.7079887821506676,-3.9315563329716186e-05,-0.0027332419314066007,0.0010306163458153605
1625264900.6494179,228,odom,base_link,0.08165866653982835,-0.002334597976618775,1.0032782599601582,-0.0014400642345439908,0.0014452394381733965,-0.7062133503675085,0.7079961449476017,4.4950335642763056e-05,0.009220224598760953,0.0009873255621641874
1625264900.9157124,229,odom,base_link,0.08489545781398974,-0.0023323895394019916,1.0036581477878028,-0.0006697558202153939,0.0006548941518703015,-0.7062174795203124,0.7079943461361594,2.2239034414243416e-05,0.012148507106895476,0.0014258184237405658
1625264901.115826,230,odom,base_link,0.08777676576664618,-0.0023320270449722243,1.0039037155095967,-0.00032598484334865727,0.0003476885662980316,-0.7061196607352243,0.7080923651401101,3.8420782690579844e-05,0.014422169115528074,0.0012291750172153115
1625264901.3824177,231,odom,base_link,0.09147950305407057,-0.0023474987238931784,1.0042148241218722,-0.00011762366737043991,0.00013867071859586808,-0.7062163347626896,0.7079960843461335,9.30253505921621e-05,0.013893794127603989,0.0011673899134621024
1625264901.7156076,232,odom,base_link,0.0953225079496474,-0.0023621696846777406,0.8641932485835931,0.0007001540801718205,-0.0007402282387748955,-0.7062162136383863,0.7079954953533812,7.307785426345593e-05,0.011537635492314305,-0.4203841984272003
1625264901.9154236,233,odom,base_link,0.0968341169833899,-0.0023519504010703412,0.6797984755540847,0.0007808010574481011,-0.0007460468496655689,-0.7061548884639454,0.708056570665282,-3.0775918009574705e-05,0.007559763481506852,-0.9221700429916382
1625264902.1823971,234,odom,base_link,0.09676745231638034,-0.002373209604727482,0.41935748213165164,0.0005451128924825993,-0.0005269199891143868,-0.7061350812305071,0.7080767417892249,7.901908311833445e-05,-0.00025015929234887895,-0.976453959941864
1625264902.3821507,235,odom,base_link,0.0962561300944498,-0.0023745548575221593,0.22260689571689998,0.00010986833930882438,-0.00013381303999563147,-0.706219964878315,0.7079924655180238,3.1790409650245443e-07,-0.002558906551376638,-0.9846327900886536
1625264902.6487577,236,odom,base_link,0.09469912409358786,-0.0023810454998549513,-0.04428477877452816,-0.00021471721769914713,0.00024175632922511753,-0.7061227015411375,0.7080894193663956,8.102066690156616e-06,-0.0058401771370763566,-1.0010768175125122
1625264902.9158344,237,odom,base_link,0.09384129921516006,0.002943032619861396,-0.08955093838305142,0.0008909531437334057,0.0013921975826818478,-0.7061633264369788,0.7080470495552166,-0.019970610911778264,-0.0031631640601943985,-0.1697210967540741
1625264903.115638,238,odom,base_link,0.09418713468943421,0.004743462232559905,-0.13840655580507896,-0.0002239281192035976,0.0001771765067968017,-0.7064493998787253,0.7077634943084248,-0.009009091987782079,0.0017478779247119885,-0.24455423653125763
1625264903.38223,239,odom,base_link,0.09472875913849128,0.0040745361852401385,-0.18820361653537065,-0.00018436348088270597,0.00021982081286151206,-0.7057476145314348,0.7084632822328244,0.0025178625967736713,0.002022734665899949,-0.18685831129550934
1625264903.5822296,240,odom,base_link,0.09518627282395534,0.003617096392740268,-0.21764472064293236,-0.00020224978931430293,0.00019651037159981643,-0.7057739710052541,0.7084370277802899,0.0022974772515775743,0.002280605229370219,-0.147313192486763
1625264903.7822154,241,odom,base_link,0.09566453923534086,0.003346073147283805,-0.24040357286258715,-0.00021114207303478166,0.00018253698872830983,-0.7057948341660215,0.7084162435770591,0.001364831783489084,0.002387795827682446,-0.11386597901582718
1625264904.0487301,242,odom,base_link,0.09644331510637529,0.0016929699421536165,-0.26231289584100337,-0.00021582686447580026,0.00017464886327151331,-0.7058460953459453,0.7083651689640181,0.0062108411311398,0.002898931631780377,-0.08217768371105194
1625264904.2489564,243,odom,base_link,0.09714965906869229,-0.0010216022049103653,-0.2732586718101552,-0.00020845567928043048,0.00017851473158622973,-0.7059214141810215,0.7082901112393051,0.01358466449024643,0.003486245564959154,-0.05472907796502113
1625264904.448845,244,odom,base_link,0.09781653141265215,-0.0005557555059369824,-0.2724507703562973,-0.009788763563790976,-0.009442172254499967,-0.7058619326027664,0.7082188627771054,-0.0023192689413896518,0.0033438371898465683,0.004041577223688364
1625264904.6490538,245,odom,base_link,0.09840897834809202,0.0012468429338548684,-0.2776528094725917,-0.018569558480351526,-0.018266534548276436,-0.7055804711533875,0.7081509047797688,-0.00900388669486325,0.0029957003396188487,-0.026015300303697586
1625264904.9156497,246,odom,base_link,0.09912418584519615,0.005326746972495831,-0.27761779295892575,-0.016122462575075495,-0.015829000398984976,-0.7054240164001371,0.7084253425963695,-0.015303686000297018,0.002749940200805649,0.00013144593685865402
1625264905.1823983,247,odom,base_link,0.0997859186968215,0.00830173381637478,-0.2773792982801686,-0.019179871524582632,-0.018914134644417428,-0.7052276760768543,0.7084689922178619,-0.011143036239951618,0.002532408365066166,0.0008942239219322801
